year,country,ea_squad_score
2015.0,Albania,68.3
2015.0,Algeria,73.3
2015.0,Angola,64.0
2015.0,Antigua and Barbuda,59.5
2015.0,Argentina,82.2
2015.0,Armenia,73.0
2015.0,Australia,70.9
2015.0,Austria,74.5
2015.0,Azerbaijan,61.0
2015.0,Bahrain,68.0
2015.0,Barbados,65.5
2015.0,Belarus,66.5625
2015.0,Belgium,80.4
2015.0,Benin,64.5
2015.0,Bermuda,61.5
2015.0,Bolivia,63.85
2015.0,Bosnia and Herzegovina,74.5
2015.0,Brazil,82.55
2015.0,Bulgaria,70.0
2015.0,Burkina Faso,66.61111111111111
2015.0,Burundi,59.5
2015.0,Cambodia,63.0
2015.0,Cameroon,75.75
2015.0,Canada,66.2
2015.0,Cape Verde Islands,66.3
2015.0,Central African Republic,61.0
2015.0,Chile,76.55
2015.0,China PR,62.5
2015.0,Colombia,78.15
2015.0,Comoros,65.25
2015.0,Congo,66.07692307692308
2015.0,Congo DR,70.15
2015.0,Costa Rica,69.8
2015.0,Croatia,77.05
2015.0,Cuba,62.0
2015.0,Curacao,63.2
2015.0,Cyprus,61.333333333333336
2015.0,Czech Republic,74.5
2015.0,Côte d'Ivoire,77.05
2015.0,Denmark,75.3
2015.0,Ecuador,71.35
2015.0,Egypt,69.65
2015.0,England,80.75
2015.0,Equatorial Guinea,65.25
2015.0,Estonia,62.888888888888886
2015.0,Faroe Islands,54.0
2015.0,Fiji,61.0
2015.0,Finland,69.25
2015.0,France,82.25
2015.0,Gabon,67.75
2015.0,Gambia,61.416666666666664
2015.0,Georgia,64.625
2015.0,Germany,84.4
2015.0,Ghana,73.15
2015.0,Gibraltar,64.0
2015.0,Greece,74.35
2015.0,Grenada,60.5
2015.0,Guam,68.0
2015.0,Guatemala,66.0
2015.0,Guinea,66.85
2015.0,Guinea Bissau,64.7
2015.0,Guyana,67.0
2015.0,Haiti,66.28571428571429
2015.0,Honduras,67.0
2015.0,Hungary,70.0
2015.0,Iceland,68.95
2015.0,India,57.4
2015.0,Indonesia,58.0
2015.0,Iran,66.16666666666667
2015.0,Iraq,65.0
2015.0,Israel,66.3
2015.0,Italy,81.6
2015.0,Jamaica,67.15
2015.0,Japan,73.35
2015.0,Jordan,59.90909090909091
2015.0,Kazakhstan,63.666666666666664
2015.0,Kenya,65.0
2015.0,Korea DPR,65.5
2015.0,Korea Republic,71.9
2015.0,Kosovo,64.57142857142857
2015.0,Kuwait,66.0
2015.0,Kyrgyzstan,62.0
2015.0,Latvia,62.27272727272727
2015.0,Lebanon,62.0
2015.0,Liberia,67.0
2015.0,Libya,60.0
2015.0,Liechtenstein,56.5
2015.0,Lithuania,62.125
2015.0,Luxembourg,60.2
2015.0,Madagascar,63.666666666666664
2015.0,Mali,71.45
2015.0,Malta,57.5
2015.0,Mauritania,63.0
2015.0,Mexico,75.85
2015.0,Moldova,64.57142857142857
2015.0,Montenegro,65.42105263157895
2015.0,Montserrat,60.0
2015.0,Morocco,75.15
2015.0,Mozambique,70.8
2015.0,Netherlands,80.2
2015.0,New Caledonia,64.33333333333333
2015.0,New Zealand,64.2
2015.0,Niger,62.0
2015.0,Nigeria,74.4
2015.0,North Macedonia,64.75
2015.0,Northern Ireland,69.6
2015.0,Norway,72.55
2015.0,Oman,74.0
2015.0,Palestine,62.666666666666664
2015.0,Panama,65.16666666666667
2015.0,Paraguay,75.1
2015.0,Peru,70.85
2015.0,Philippines,62.75
2015.0,Poland,76.1
2015.0,Portugal,80.4
2015.0,Republic of Ireland,74.75
2015.0,Romania,72.55
2015.0,Russia,77.5
2015.0,Saint Kitts and Nevis,61.5
2015.0,Saint Lucia,60.0
2015.0,Saudi Arabia,71.15
2015.0,Scotland,73.65
2015.0,Senegal,75.55
2015.0,Serbia,77.4
2015.0,Sierra Leone,61.75
2015.0,Slovakia,70.9
2015.0,Slovenia,72.2
2015.0,South Africa,72.6
2015.0,Spain,84.45
2015.0,Sudan,60.5
2015.0,Suriname,60.5
2015.0,Sweden,75.8
2015.0,Switzerland,76.9
2015.0,Syria,67.0
2015.0,Thailand,65.0
2015.0,Togo,71.44444444444444
2015.0,Trinidad and Tobago,63.25
2015.0,Tunisia,68.8
2015.0,Turkey,78.4
2015.0,Turkmenistan,67.0
2015.0,Uganda,60.4
2015.0,Ukraine,71.55
2015.0,United States,75.5
2015.0,Uruguay,77.2
2015.0,Uzbekistan,67.0
2015.0,Venezuela,73.55
2015.0,Wales,72.85
2015.0,Zambia,68.25
2015.0,Zimbabwe,61.416666666666664
2016.0,Albania,69.35
2016.0,Algeria,74.8
2016.0,Angola,64.92307692307692
2016.0,Antigua and Barbuda,58.285714285714285
2016.0,Argentina,83.1
2016.0,Armenia,67.5
2016.0,Aruba,65.0
2016.0,Australia,72.1
2016.0,Austria,75.7
2016.0,Azerbaijan,63.8
2016.0,Bahrain,72.0
2016.0,Barbados,65.5
2016.0,Belarus,67.78571428571429
2016.0,Belgium,81.3
2016.0,Benin,67.0
2016.0,Bermuda,59.25
2016.0,Bolivia,66.1
2016.0,Bosnia and Herzegovina,74.25
2016.0,Brazil,83.45
2016.0,Bulgaria,70.65
2016.0,Burkina Faso,67.61111111111111
2016.0,Burundi,71.0
2016.0,Cameroon,76.7
2016.0,Canada,67.1
2016.0,Cape Verde Islands,67.95
2016.0,Central African Republic,64.33333333333333
2016.0,Chad,63.0
2016.0,Chile,78.05
2016.0,China PR,69.2
2016.0,Colombia,79.1
2016.0,Comoros,66.5
2016.0,Congo,66.23529411764706
2016.0,Congo DR,72.25
2016.0,Costa Rica,71.55
2016.0,Croatia,77.7
2016.0,Cuba,77.0
2016.0,Curacao,65.54545454545455
2016.0,Cyprus,69.0
2016.0,Czech Republic,75.4
2016.0,Côte d'Ivoire,77.6
2016.0,Denmark,76.65
2016.0,Dominican Republic,64.0
2016.0,Ecuador,72.85
2016.0,Egypt,70.35
2016.0,El Salvador,70.0
2016.0,England,81.65
2016.0,Equatorial Guinea,64.33333333333333
2016.0,Estonia,65.125
2016.0,Ethiopia,69.0
2016.0,Faroe Islands,56.5
2016.0,Fiji,66.0
2016.0,Finland,70.75
2016.0,France,83.25
2016.0,Gabon,69.73333333333333
2016.0,Gambia,65.16666666666667
2016.0,Georgia,66.35
2016.0,Germany,84.6
2016.0,Ghana,74.85
2016.0,Gibraltar,63.0
2016.0,Greece,76.75
2016.0,Grenada,59.5
2016.0,Guam,69.0
2016.0,Guatemala,66.25
2016.0,Guinea,70.0
2016.0,Guinea Bissau,66.44444444444444
2016.0,Guyana,65.0
2016.0,Haiti,64.6
2016.0,Honduras,67.92307692307692
2016.0,Hungary,71.15
2016.0,Iceland,70.15
2016.0,India,57.9
2016.0,Indonesia,56.0
2016.0,Iran,67.28571428571429
2016.0,Iraq,64.58333333333333
2016.0,Israel,68.72222222222223
2016.0,Italy,82.25
2016.0,Jamaica,69.15
2016.0,Japan,73.6
2016.0,Jordan,61.333333333333336
2016.0,Kazakhstan,67.0
2016.0,Kenya,72.5
2016.0,Korea Republic,73.15
2016.0,Kosovo,63.4
2016.0,Kuwait,69.0
2016.0,Kyrgyzstan,70.0
2016.0,Latvia,63.90909090909091
2016.0,Lebanon,63.0
2016.0,Liberia,64.0
2016.0,Libya,61.8
2016.0,Liechtenstein,59.166666666666664
2016.0,Lithuania,66.27272727272727
2016.0,Luxembourg,63.714285714285715
2016.0,Madagascar,64.0
2016.0,Mali,72.1
2016.0,Malta,64.0
2016.0,Mauritania,66.0
2016.0,Mauritius,67.0
2016.0,Mexico,76.85
2016.0,Moldova,70.4
2016.0,Montenegro,66.15
2016.0,Montserrat,64.0
2016.0,Morocco,76.2
2016.0,Mozambique,67.42857142857143
2016.0,Netherlands,80.95
2016.0,New Caledonia,67.0
2016.0,New Zealand,66.0
2016.0,Nicaragua,61.0
2016.0,Niger,64.0
2016.0,Nigeria,74.8
2016.0,North Macedonia,65.29411764705883
2016.0,Northern Ireland,70.2
2016.0,Norway,73.45
2016.0,Oman,67.5
2016.0,Palestine,63.0
2016.0,Panama,67.55555555555556
2016.0,Paraguay,74.35
2016.0,Peru,70.5
2016.0,Philippines,63.8
2016.0,Poland,77.05
2016.0,Portugal,81.3
2016.0,Puerto Rico,65.0
2016.0,Republic of Ireland,75.45
2016.0,Romania,73.9
2016.0,Russia,78.4
2016.0,Rwanda,61.0
2016.0,Saint Kitts and Nevis,65.5
2016.0,Saint Lucia,63.0
2016.0,Saudi Arabia,72.85
2016.0,Scotland,74.55
2016.0,Senegal,76.55
2016.0,Serbia,78.85
2016.0,Sierra Leone,63.857142857142854
2016.0,Slovakia,72.0
2016.0,Slovenia,74.55
2016.0,South Africa,74.0
2016.0,Spain,84.75
2016.0,Suriname,65.92307692307692
2016.0,Sweden,76.35
2016.0,Switzerland,78.5
2016.0,Syria,68.0
2016.0,Tanzania,57.0
2016.0,Timor-Leste,65.0
2016.0,Togo,64.6923076923077
2016.0,Trinidad and Tobago,65.41666666666667
2016.0,Tunisia,69.5
2016.0,Turkey,78.65
2016.0,Uganda,61.0
2016.0,Ukraine,74.15
2016.0,United States,75.9
2016.0,Uruguay,78.25
2016.0,Uzbekistan,72.0
2016.0,Venezuela,72.8
2016.0,Wales,74.0
2016.0,Zambia,71.0
2016.0,Zimbabwe,63.0
2017.0,Afghanistan,54.0
2017.0,Albania,70.65
2017.0,Algeria,76.7
2017.0,Angola,70.1
2017.0,Antigua and Barbuda,58.666666666666664
2017.0,Argentina,84.45
2017.0,Armenia,69.22222222222223
2017.0,Aruba,67.5
2017.0,Australia,73.15
2017.0,Austria,76.65
2017.0,Azerbaijan,64.66666666666667
2017.0,Barbados,67.0
2017.0,Belarus,68.64285714285714
2017.0,Belgium,82.8
2017.0,Belize,64.0
2017.0,Benin,66.73333333333333
2017.0,Bermuda,60.2
2017.0,Bolivia,66.75
2017.0,Bosnia and Herzegovina,75.85
2017.0,Brazil,84.55
2017.0,Bulgaria,70.85
2017.0,Burkina Faso,68.14285714285714
2017.0,Cameroon,76.95
2017.0,Canada,68.55
2017.0,Cape Verde Islands,69.9
2017.0,Central African Republic,65.0
2017.0,Chad,73.0
2017.0,Chile,78.85
2017.0,China PR,69.6
2017.0,Chinese Taipei,68.0
2017.0,Colombia,78.95
2017.0,Comoros,66.0
2017.0,Congo,67.2
2017.0,Congo DR,73.55
2017.0,Costa Rica,72.75
2017.0,Croatia,79.9
2017.0,Cuba,70.0
2017.0,Curacao,68.61538461538461
2017.0,Cyprus,64.8
2017.0,Czech Republic,76.5
2017.0,Côte d'Ivoire,78.55
2017.0,Denmark,77.5
2017.0,Dominican Republic,71.5
2017.0,Ecuador,73.65
2017.0,Egypt,71.1
2017.0,El Salvador,68.33333333333333
2017.0,England,82.35
2017.0,Equatorial Guinea,64.85714285714286
2017.0,Eritrea,71.0
2017.0,Estonia,66.5
2017.0,Ethiopia,66.0
2017.0,Faroe Islands,60.75
2017.0,Fiji,67.0
2017.0,Finland,71.55
2017.0,France,84.85
2017.0,Gabon,71.5
2017.0,Gambia,63.888888888888886
2017.0,Georgia,68.85
2017.0,Germany,85.7
2017.0,Ghana,75.6
2017.0,Gibraltar,62.5
2017.0,Greece,77.6
2017.0,Grenada,62.0
2017.0,Guam,69.0
2017.0,Guatemala,67.75
2017.0,Guinea,70.8
2017.0,Guinea Bissau,66.05555555555556
2017.0,Guyana,62.666666666666664
2017.0,Haiti,65.0
2017.0,Honduras,66.0
2017.0,Hungary,72.9
2017.0,Iceland,71.95
2017.0,India,59.2
2017.0,Iran,67.18181818181819
2017.0,Iraq,66.5
2017.0,Israel,70.375
2017.0,Italy,83.65
2017.0,Jamaica,70.45
2017.0,Japan,75.5
2017.0,Kazakhstan,66.33333333333333
2017.0,Kenya,68.0
2017.0,Korea DPR,63.5
2017.0,Korea Republic,74.15
2017.0,Kosovo,69.0
2017.0,Kuwait,69.0
2017.0,Kyrgyzstan,69.0
2017.0,Latvia,65.3
2017.0,Lebanon,64.0
2017.0,Liberia,61.8
2017.0,Libya,63.75
2017.0,Liechtenstein,61.42857142857143
2017.0,Lithuania,65.08333333333333
2017.0,Luxembourg,65.14285714285714
2017.0,Madagascar,65.0
2017.0,Mali,72.65
2017.0,Malta,60.5
2017.0,Mauritania,67.33333333333333
2017.0,Mauritius,69.0
2017.0,Mexico,78.65
2017.0,Moldova,72.0
2017.0,Montenegro,70.6
2017.0,Montserrat,64.25
2017.0,Morocco,77.15
2017.0,Mozambique,66.25
2017.0,Namibia,58.0
2017.0,Netherlands,80.75
2017.0,New Caledonia,68.33333333333333
2017.0,New Zealand,65.75
2017.0,Niger,66.33333333333333
2017.0,Nigeria,75.85
2017.0,North Macedonia,64.94117647058823
2017.0,Northern Ireland,71.0
2017.0,Norway,74.3
2017.0,Oman,68.0
2017.0,Palestine,61.75
2017.0,Panama,66.6923076923077
2017.0,Papua New Guinea,60.0
2017.0,Paraguay,75.75
2017.0,Peru,70.8
2017.0,Philippines,62.0
2017.0,Poland,78.05
2017.0,Portugal,83.25
2017.0,Puerto Rico,66.5
2017.0,Qatar,65.5
2017.0,Republic of Ireland,76.25
2017.0,Romania,74.6
2017.0,Russia,78.75
2017.0,Saint Kitts and Nevis,67.5
2017.0,Saint Lucia,61.0
2017.0,Saint Vincent and the Grenadines,64.0
2017.0,Saudi Arabia,71.6
2017.0,Scotland,75.05
2017.0,Senegal,77.55
2017.0,Serbia,78.8
2017.0,Sierra Leone,64.71428571428571
2017.0,Slovakia,73.25
2017.0,Slovenia,75.7
2017.0,Somalia,64.0
2017.0,South Africa,73.55
2017.0,Spain,85.45
2017.0,Sudan,53.0
2017.0,Suriname,66.5
2017.0,Sweden,77.0
2017.0,Switzerland,78.85
2017.0,Syria,71.33333333333333
2017.0,São Tomé e Príncipe,74.0
2017.0,Tajikistan,61.0
2017.0,Tanzania,66.0
2017.0,Togo,70.8
2017.0,Trinidad and Tobago,65.25
2017.0,Tunisia,71.6
2017.0,Turkey,79.55
2017.0,Uganda,61.42857142857143
2017.0,Ukraine,76.15
2017.0,United States,75.95
2017.0,Uruguay,79.75
2017.0,Uzbekistan,74.0
2017.0,Venezuela,73.55
2017.0,Vietnam,55.0
2017.0,Wales,75.2
2017.0,Zambia,68.75
2017.0,Zimbabwe,67.25
2018.0,Afghanistan,56.333333333333336
2018.0,Albania,71.45
2018.0,Algeria,76.8
2018.0,Angola,68.26666666666667
2018.0,Antigua and Barbuda,58.8
2018.0,Argentina,84.3
2018.0,Armenia,67.0
2018.0,Australia,73.25
2018.0,Austria,77.05
2018.0,Azerbaijan,64.28571428571429
2018.0,Barbados,65.0
2018.0,Belarus,70.77777777777777
2018.0,Belgium,83.75
2018.0,Belize,64.0
2018.0,Benin,68.0
2018.0,Bermuda,63.25
2018.0,Bolivia,66.65
2018.0,Bosnia and Herzegovina,76.6
2018.0,Brazil,84.65
2018.0,Brunei Darussalam,55.0
2018.0,Bulgaria,70.2
2018.0,Burkina Faso,67.86666666666666
2018.0,Burundi,64.0
2018.0,Cameroon,76.2
2018.0,Canada,68.75
2018.0,Cape Verde Islands,70.4
2018.0,Central African Republic,67.0
2018.0,Chad,68.0
2018.0,Chile,79.1
2018.0,China PR,70.2
2018.0,Colombia,79.1
2018.0,Comoros,68.33333333333333
2018.0,Congo,66.3
2018.0,Congo DR,73.7
2018.0,Costa Rica,72.6
2018.0,Croatia,80.6
2018.0,Cuba,73.0
2018.0,Curacao,67.72727272727273
2018.0,Cyprus,62.45454545454545
2018.0,Czech Republic,76.0
2018.0,Côte d'Ivoire,78.05
2018.0,Denmark,78.15
2018.0,Dominican Republic,74.5
2018.0,Ecuador,73.7
2018.0,Egypt,72.05
2018.0,El Salvador,69.0
2018.0,England,82.15
2018.0,Equatorial Guinea,67.0
2018.0,Eritrea,71.0
2018.0,Estonia,66.22222222222223
2018.0,Ethiopia,65.5
2018.0,Faroe Islands,60.833333333333336
2018.0,Fiji,69.0
2018.0,Finland,71.6
2018.0,France,84.75
2018.0,Gabon,70.5
2018.0,Gambia,65.6875
2018.0,Georgia,69.85
2018.0,Germany,85.25
2018.0,Ghana,75.8
2018.0,Gibraltar,64.0
2018.0,Greece,77.15
2018.0,Grenada,64.0
2018.0,Guam,69.0
2018.0,Guatemala,72.0
2018.0,Guinea,70.95
2018.0,Guinea Bissau,65.875
2018.0,Guyana,61.6
2018.0,Haiti,63.285714285714285
2018.0,Honduras,69.84615384615384
2018.0,Hong Kong,54.0
2018.0,Hungary,72.25
2018.0,Iceland,71.6
2018.0,India,59.6
2018.0,Iran,68.41176470588235
2018.0,Iraq,67.55555555555556
2018.0,Israel,71.16666666666667
2018.0,Italy,83.95
2018.0,Jamaica,69.75
2018.0,Japan,75.5
2018.0,Kazakhstan,66.0
2018.0,Kenya,67.14285714285714
2018.0,Korea DPR,62.5
2018.0,Korea Republic,74.0
2018.0,Kosovo,69.65
2018.0,Kuwait,66.0
2018.0,Kyrgyzstan,58.0
2018.0,Latvia,67.42857142857143
2018.0,Lebanon,62.6
2018.0,Liberia,64.0
2018.0,Libya,67.5
2018.0,Liechtenstein,64.66666666666667
2018.0,Lithuania,64.08333333333333
2018.0,Luxembourg,65.75
2018.0,Madagascar,66.75
2018.0,Mali,72.05
2018.0,Malta,62.0
2018.0,Mauritania,66.5
2018.0,Mauritius,67.0
2018.0,Mexico,78.5
2018.0,Moldova,69.66666666666667
2018.0,Montenegro,70.0
2018.0,Montserrat,64.5
2018.0,Morocco,77.15
2018.0,Mozambique,72.33333333333333
2018.0,Namibia,64.5
2018.0,Netherlands,81.0
2018.0,New Caledonia,68.5
2018.0,New Zealand,67.2
2018.0,Niger,68.66666666666667
2018.0,Nigeria,75.1
2018.0,North Macedonia,66.76470588235294
2018.0,Northern Ireland,71.1
2018.0,Norway,74.7
2018.0,Oman,73.0
2018.0,Palestine,64.66666666666667
2018.0,Panama,65.6875
2018.0,Paraguay,75.3
2018.0,Peru,71.2
2018.0,Philippines,61.666666666666664
2018.0,Poland,78.25
2018.0,Portugal,82.9
2018.0,Puerto Rico,66.0
2018.0,Qatar,64.33333333333333
2018.0,Republic of Ireland,75.3
2018.0,Romania,73.8
2018.0,Russia,78.8
2018.0,Saint Kitts and Nevis,64.33333333333333
2018.0,Saint Lucia,62.0
2018.0,San Marino,54.0
2018.0,Saudi Arabia,72.85
2018.0,Scotland,74.75
2018.0,Senegal,77.95
2018.0,Serbia,78.7
2018.0,Sierra Leone,65.55555555555556
2018.0,Slovakia,73.45
2018.0,Slovenia,75.75
2018.0,Somalia,68.0
2018.0,South Africa,72.95
2018.0,Spain,85.85
2018.0,Sri Lanka,60.0
2018.0,Sudan,60.0
2018.0,Suriname,69.33333333333333
2018.0,Swaziland,63.0
2018.0,Sweden,77.5
2018.0,Switzerland,78.5
2018.0,Syria,71.4
2018.0,São Tomé e Príncipe,64.0
2018.0,Tanzania,67.5
2018.0,Thailand,65.0
2018.0,Togo,71.77777777777777
2018.0,Trinidad and Tobago,68.22222222222223
2018.0,Tunisia,71.1
2018.0,Turkey,78.55
2018.0,Turkmenistan,63.0
2018.0,Uganda,62.75
2018.0,Ukraine,75.7
2018.0,United States,76.0
2018.0,Uruguay,79.75
2018.0,Uzbekistan,68.4
2018.0,Venezuela,74.2
2018.0,Vietnam,61.0
2018.0,Wales,74.85
2018.0,Zambia,64.5
2018.0,Zimbabwe,66.54545454545455
2019.0,Afghanistan,60.666666666666664
2019.0,Albania,70.95
2019.0,Algeria,77.0
2019.0,Andorra,62.0
2019.0,Angola,68.0
2019.0,Antigua and Barbuda,62.5
2019.0,Argentina,83.9
2019.0,Armenia,69.375
2019.0,Australia,73.45
2019.0,Austria,77.55
2019.0,Azerbaijan,63.2
2019.0,Bahrain,54.0
2019.0,Barbados,64.0
2019.0,Belarus,70.0
2019.0,Belgium,84.0
2019.0,Belize,62.0
2019.0,Benin,67.6923076923077
2019.0,Bermuda,66.5
2019.0,Bolivia,66.9
2019.0,Bosnia and Herzegovina,76.25
2019.0,Brazil,86.05
2019.0,Bulgaria,69.3
2019.0,Burkina Faso,68.5
2019.0,Burundi,57.5
2019.0,Cameroon,76.0
2019.0,Canada,69.55
2019.0,Cape Verde Islands,70.95
2019.0,Central African Republic,66.66666666666667
2019.0,Chad,70.0
2019.0,Chile,77.7
2019.0,China PR,71.05
2019.0,Colombia,79.8
2019.0,Comoros,66.85714285714286
2019.0,Congo,65.35
2019.0,Congo DR,74.05
2019.0,Costa Rica,71.8
2019.0,Croatia,81.05
2019.0,Cuba,65.0
2019.0,Curacao,67.5
2019.0,Cyprus,64.0
2019.0,Czech Republic,76.65
2019.0,Côte d'Ivoire,77.35
2019.0,Denmark,78.2
2019.0,Dominican Republic,73.0
2019.0,Ecuador,73.65
2019.0,Egypt,73.15
2019.0,El Salvador,66.2
2019.0,England,82.15
2019.0,Equatorial Guinea,67.66666666666667
2019.0,Eritrea,71.0
2019.0,Estonia,64.6923076923077
2019.0,Ethiopia,64.0
2019.0,Faroe Islands,60.333333333333336
2019.0,Fiji,72.0
2019.0,Finland,71.35
2019.0,France,85.2
2019.0,Gabon,69.375
2019.0,Gambia,66.33333333333333
2019.0,Georgia,69.7
2019.0,Germany,85.35
2019.0,Ghana,75.9
2019.0,Greece,76.5
2019.0,Grenada,63.0
2019.0,Guam,69.0
2019.0,Guatemala,64.0
2019.0,Guinea,70.65
2019.0,Guinea Bissau,67.25
2019.0,Guyana,61.666666666666664
2019.0,Haiti,63.72727272727273
2019.0,Honduras,68.6875
2019.0,Hong Kong,60.5
2019.0,Hungary,71.55
2019.0,Iceland,72.55
2019.0,India,60.35
2019.0,Indonesia,56.0
2019.0,Iran,68.83333333333333
2019.0,Iraq,66.57142857142857
2019.0,Israel,71.33333333333333
2019.0,Italy,84.05
2019.0,Jamaica,69.45
2019.0,Japan,75.95
2019.0,Jordan,58.0
2019.0,Kazakhstan,65.0
2019.0,Kenya,65.2
2019.0,Korea DPR,65.5
2019.0,Korea Republic,73.5
2019.0,Kosovo,69.95
2019.0,Latvia,61.833333333333336
2019.0,Liberia,64.5
2019.0,Libya,69.5
2019.0,Liechtenstein,62.25
2019.0,Lithuania,61.27272727272727
2019.0,Luxembourg,63.333333333333336
2019.0,Madagascar,65.44444444444444
2019.0,Mali,72.4
2019.0,Malta,61.5
2019.0,Mauritania,63.5
2019.0,Mauritius,71.0
2019.0,Mexico,78.15
2019.0,Moldova,65.6
2019.0,Montenegro,69.3
2019.0,Montserrat,64.75
2019.0,Morocco,77.4
2019.0,Mozambique,70.75
2019.0,Namibia,65.66666666666667
2019.0,Netherlands,81.0
2019.0,New Caledonia,71.0
2019.0,New Zealand,67.9
2019.0,Nicaragua,64.0
2019.0,Niger,65.33333333333333
2019.0,Nigeria,75.3
2019.0,North Macedonia,68.15789473684211
2019.0,Northern Ireland,71.05
2019.0,Norway,75.05
2019.0,Oman,72.0
2019.0,Palestine,65.0
2019.0,Panama,68.0
2019.0,Paraguay,75.9
2019.0,Peru,73.2
2019.0,Philippines,64.5
2019.0,Poland,77.6
2019.0,Portugal,82.8
2019.0,Puerto Rico,63.0
2019.0,Republic of Ireland,74.55
2019.0,Romania,73.85
2019.0,Russia,78.35
2019.0,Rwanda,64.0
2019.0,Saint Kitts and Nevis,60.333333333333336
2019.0,Saint Lucia,64.0
2019.0,Saudi Arabia,70.9
2019.0,Scotland,75.6
2019.0,Senegal,78.0
2019.0,Serbia,79.1
2019.0,Sierra Leone,64.85714285714286
2019.0,Slovakia,74.6
2019.0,Slovenia,76.35
2019.0,South Africa,72.85
2019.0,South Sudan,60.0
2019.0,Spain,86.4
2019.0,Sudan,62.666666666666664
2019.0,Suriname,67.25
2019.0,Sweden,77.05
2019.0,Switzerland,77.95
2019.0,Syria,68.33333333333333
2019.0,São Tomé e Príncipe,72.0
2019.0,Tanzania,67.0
2019.0,Thailand,62.4
2019.0,Togo,69.72727272727273
2019.0,Trinidad and Tobago,68.4
2019.0,Tunisia,71.85
2019.0,Turkey,78.0
2019.0,Uganda,61.166666666666664
2019.0,Ukraine,77.15
2019.0,United Arab Emirates,76.0
2019.0,United States,75.5
2019.0,Uruguay,80.55
2019.0,Uzbekistan,70.66666666666667
2019.0,Venezuela,73.9
2019.0,Wales,74.2
2019.0,Zambia,64.88888888888889
2019.0,Zimbabwe,68.0
2020.0,Afghanistan,62.0
2020.0,Albania,71.85
2020.0,Algeria,76.7
2020.0,Angola,69.375
2020.0,Antigua and Barbuda,59.42857142857143
2020.0,Argentina,83.8
2020.0,Armenia,69.375
2020.0,Australia,72.95
2020.0,Austria,77.65
2020.0,Azerbaijan,62.833333333333336
2020.0,Bahrain,72.0
2020.0,Barbados,64.0
2020.0,Belgium,83.75
2020.0,Belize,66.0
2020.0,Benin,67.66666666666667
2020.0,Bermuda,63.666666666666664
2020.0,Bolivia,66.9
2020.0,Bosnia and Herzegovina,76.05
2020.0,Brazil,85.85
2020.0,Bulgaria,67.0
2020.0,Burkina Faso,66.4375
2020.0,Burundi,63.75
2020.0,Cameroon,75.9
2020.0,Canada,70.55
2020.0,Cape Verde Islands,70.5
2020.0,Central African Republic,70.5
2020.0,Chad,73.0
2020.0,Chile,77.65
2020.0,China PR,70.95
2020.0,Chinese Taipei,66.0
2020.0,Colombia,79.5
2020.0,Comoros,65.22222222222223
2020.0,Congo,65.44444444444444
2020.0,Congo DR,73.6
2020.0,Costa Rica,70.95
2020.0,Croatia,80.8
2020.0,Cuba,67.25
2020.0,Curacao,66.0
2020.0,Cyprus,61.72727272727273
2020.0,Czech Republic,76.65
2020.0,Côte d'Ivoire,77.85
2020.0,Denmark,78.55
2020.0,Dominican Republic,67.5
2020.0,Ecuador,74.7
2020.0,Egypt,72.55
2020.0,El Salvador,67.25
2020.0,England,82.6
2020.0,Equatorial Guinea,69.0
2020.0,Eritrea,71.0
2020.0,Estonia,66.33333333333333
2020.0,Ethiopia,64.0
2020.0,Faroe Islands,61.4
2020.0,Finland,71.8
2020.0,France,85.65
2020.0,Gabon,70.6875
2020.0,Gambia,66.2
2020.0,Georgia,70.05
2020.0,Germany,85.25
2020.0,Ghana,75.6
2020.0,Gibraltar,62.0
2020.0,Greece,76.9
2020.0,Grenada,60.5
2020.0,Guam,66.0
2020.0,Guatemala,65.5
2020.0,Guinea,71.55
2020.0,Guinea Bissau,67.85
2020.0,Guyana,63.5
2020.0,Haiti,63.125
2020.0,Honduras,68.57142857142857
2020.0,Hong Kong,67.0
2020.0,Hungary,73.4
2020.0,Iceland,72.5
2020.0,India,60.35
2020.0,Indonesia,56.0
2020.0,Iran,69.0
2020.0,Iraq,68.83333333333333
2020.0,Israel,71.125
2020.0,Italy,83.75
2020.0,Jamaica,69.5
2020.0,Japan,75.6
2020.0,Jordan,66.0
2020.0,Kazakhstan,68.0
2020.0,Kenya,65.28571428571429
2020.0,Korea DPR,65.75
2020.0,Korea Republic,73.65
2020.0,Kosovo,70.95
2020.0,Latvia,61.666666666666664
2020.0,Lebanon,64.0
2020.0,Liberia,69.0
2020.0,Libya,71.0
2020.0,Liechtenstein,62.0
2020.0,Lithuania,63.4
2020.0,Luxembourg,65.66666666666667
2020.0,Macau,61.0
2020.0,Madagascar,70.25
2020.0,Malawi,62.0
2020.0,Mali,73.8
2020.0,Malta,60.0
2020.0,Mauritania,64.16666666666667
2020.0,Mauritius,66.0
2020.0,Mexico,78.2
2020.0,Moldova,65.0
2020.0,Montenegro,70.05
2020.0,Montserrat,66.0
2020.0,Morocco,77.45
2020.0,Mozambique,73.25
2020.0,Namibia,67.0
2020.0,Netherlands,82.35
2020.0,New Caledonia,67.5
2020.0,New Zealand,67.45
2020.0,Niger,57.0
2020.0,Nigeria,75.7
2020.0,North Macedonia,69.2
2020.0,Northern Ireland,71.1
2020.0,Norway,75.85
2020.0,Palestine,62.0
2020.0,Panama,66.0
2020.0,Paraguay,75.6
2020.0,Peru,72.9
2020.0,Philippines,69.0
2020.0,Poland,78.35
2020.0,Portugal,83.55
2020.0,Puerto Rico,70.0
2020.0,Republic of Ireland,74.65
2020.0,Romania,74.6
2020.0,Russia,77.8
2020.0,Rwanda,64.0
2020.0,Saint Kitts and Nevis,62.75
2020.0,Saint Lucia,64.0
2020.0,Saudi Arabia,70.3
2020.0,Scotland,76.15
2020.0,Senegal,78.05
2020.0,Serbia,79.65
2020.0,Sierra Leone,63.0
2020.0,Slovakia,75.5
2020.0,Slovenia,76.1
2020.0,South Africa,72.2
2020.0,South Sudan,59.0
2020.0,Spain,85.9
2020.0,Sudan,60.25
2020.0,Suriname,66.0
2020.0,Sweden,76.85
2020.0,Switzerland,78.85
2020.0,Syria,70.25
2020.0,São Tomé e Príncipe,70.0
2020.0,Tanzania,63.25
2020.0,Thailand,64.0
2020.0,Togo,69.38461538461539
2020.0,Trinidad and Tobago,65.83333333333333
2020.0,Tunisia,72.1
2020.0,Turkey,77.35
2020.0,Uganda,66.0
2020.0,Ukraine,76.65
2020.0,United Arab Emirates,63.75
2020.0,United States,75.25
2020.0,Uruguay,81.95
2020.0,Uzbekistan,67.66666666666667
2020.0,Venezuela,73.5
2020.0,Vietnam,62.0
2020.0,Wales,74.25
2020.0,Zambia,66.72727272727273
2020.0,Zimbabwe,67.25
2021.0,Afghanistan,66.0
2021.0,Albania,70.8
2021.0,Algeria,76.75
2021.0,Andorra,62.0
2021.0,Angola,69.3125
2021.0,Antigua and Barbuda,62.0
2021.0,Argentina,83.95
2021.0,Armenia,68.66666666666667
2021.0,Aruba,68.0
2021.0,Australia,72.5
2021.0,Austria,77.5
2021.0,Azerbaijan,60.833333333333336
2021.0,Barbados,61.0
2021.0,Belarus,62.666666666666664
2021.0,Belgium,83.0
2021.0,Belize,63.0
2021.0,Benin,68.27272727272727
2021.0,Bermuda,72.0
2021.0,Bolivia,68.1
2021.0,Bosnia and Herzegovina,74.3
2021.0,Brazil,85.3
2021.0,Bulgaria,67.0
2021.0,Burkina Faso,66.52631578947368
2021.0,Burundi,62.714285714285715
2021.0,Cameroon,75.8
2021.0,Canada,71.15
2021.0,Cape Verde Islands,70.05
2021.0,Central African Republic,70.25
2021.0,Chad,73.0
2021.0,Chile,76.85
2021.0,China PR,72.75
2021.0,Chinese Taipei,65.0
2021.0,Colombia,79.05
2021.0,Comoros,65.75
2021.0,Congo,66.0
2021.0,Congo DR,73.25
2021.0,Costa Rica,69.7
2021.0,Croatia,79.45
2021.0,Cuba,65.0
2021.0,Curacao,65.3076923076923
2021.0,Cyprus,62.857142857142854
2021.0,Czech Republic,76.95
2021.0,Côte d'Ivoire,76.95
2021.0,Denmark,78.0
2021.0,Dominican Republic,66.75
2021.0,Ecuador,74.9
2021.0,Egypt,72.85
2021.0,El Salvador,66.25
2021.0,England,83.6
2021.0,Equatorial Guinea,66.66666666666667
2021.0,Eritrea,68.5
2021.0,Estonia,64.2
2021.0,Ethiopia,58.5
2021.0,Faroe Islands,64.4
2021.0,Finland,71.25
2021.0,France,85.1
2021.0,Gabon,69.8125
2021.0,Gambia,66.45
2021.0,Georgia,68.5
2021.0,Germany,85.05
2021.0,Ghana,75.3
2021.0,Greece,75.75
2021.0,Grenada,64.5
2021.0,Guam,67.0
2021.0,Guinea,69.75
2021.0,Guinea Bissau,65.53333333333333
2021.0,Guyana,59.6
2021.0,Haiti,63.4
2021.0,Honduras,68.25
2021.0,Hong Kong,52.5
2021.0,Hungary,71.7
2021.0,Iceland,71.45
2021.0,India,60.1
2021.0,Indonesia,56.0
2021.0,Iran,70.33333333333333
2021.0,Iraq,70.75
2021.0,Israel,68.94736842105263
2021.0,Italy,82.85
2021.0,Jamaica,68.3
2021.0,Japan,74.95
2021.0,Jordan,62.0
2021.0,Kazakhstan,68.33333333333333
2021.0,Kenya,64.5
2021.0,Korea DPR,60.0
2021.0,Korea Republic,73.9
2021.0,Kosovo,71.2
2021.0,Latvia,61.714285714285715
2021.0,Lebanon,64.0
2021.0,Liberia,64.25
2021.0,Libya,71.25
2021.0,Liechtenstein,59.0
2021.0,Lithuania,62.888888888888886
2021.0,Luxembourg,66.81818181818181
2021.0,Macau,60.0
2021.0,Madagascar,69.22222222222223
2021.0,Malawi,70.0
2021.0,Malaysia,56.0
2021.0,Mali,73.9
2021.0,Malta,62.0
2021.0,Mauritania,63.285714285714285
2021.0,Mexico,78.2
2021.0,Moldova,64.66666666666667
2021.0,Montenegro,70.3
2021.0,Montserrat,66.33333333333333
2021.0,Morocco,77.65
2021.0,Mozambique,72.2
2021.0,Namibia,68.66666666666667
2021.0,Netherlands,82.15
2021.0,New Caledonia,71.0
2021.0,New Zealand,67.65
2021.0,Nicaragua,56.0
2021.0,Niger,57.0
2021.0,Nigeria,76.15
2021.0,North Macedonia,69.65
2021.0,Northern Ireland,70.15
2021.0,Norway,76.2
2021.0,Palestine,63.5
2021.0,Panama,67.81818181818181
2021.0,Papua New Guinea,64.0
2021.0,Paraguay,75.05
2021.0,Peru,72.55
2021.0,Philippines,65.66666666666667
2021.0,Poland,78.05
2021.0,Portugal,83.3
2021.0,Puerto Rico,71.0
2021.0,Republic of Ireland,74.85
2021.0,Romania,74.15
2021.0,Russia,77.35
2021.0,Rwanda,66.0
2021.0,Saint Kitts and Nevis,67.0
2021.0,Saint Lucia,64.0
2021.0,Saudi Arabia,69.8
2021.0,Scotland,76.6
2021.0,Senegal,77.95
2021.0,Serbia,79.2
2021.0,Sierra Leone,66.11111111111111
2021.0,Slovakia,75.0
2021.0,Slovenia,75.05
2021.0,South Africa,71.35
2021.0,South Sudan,54.5
2021.0,Spain,85.1
2021.0,Sudan,61.0
2021.0,Sweden,76.4
2021.0,Switzerland,78.6
2021.0,Syria,69.75
2021.0,São Tomé e Príncipe,70.0
2021.0,Tanzania,76.0
2021.0,Thailand,69.0
2021.0,Togo,68.28571428571429
2021.0,Trinidad and Tobago,64.83333333333333
2021.0,Tunisia,70.3
2021.0,Turkey,76.55
2021.0,Uganda,63.111111111111114
2021.0,Ukraine,76.3
2021.0,United Arab Emirates,65.15
2021.0,United States,75.15
2021.0,Uruguay,81.1
2021.0,Uzbekistan,64.28571428571429
2021.0,Venezuela,73.1
2021.0,Wales,74.2
2021.0,Zambia,67.0
2021.0,Zimbabwe,69.0909090909091
2022.0,Afghanistan,64.0
2022.0,Albania,72.3
2022.0,Algeria,77.05
2022.0,Andorra,64.0
2022.0,Angola,67.3529411764706
2022.0,Antigua and Barbuda,65.33333333333333
2022.0,Argentina,83.7
2022.0,Armenia,68.71428571428571
2022.0,Australia,72.2
2022.0,Austria,78.2
2022.0,Azerbaijan,62.875
2022.0,Barbados,62.0
2022.0,Belarus,63.75
2022.0,Belgium,82.75
2022.0,Belize,63.0
2022.0,Benin,67.6
2022.0,Bermuda,70.0
2022.0,Bhutan,63.0
2022.0,Bolivia,68.1
2022.0,Bosnia and Herzegovina,74.55
2022.0,Brazil,84.8
2022.0,Bulgaria,64.4
2022.0,Burkina Faso,66.75
2022.0,Burundi,62.888888888888886
2022.0,Cameroon,75.15
2022.0,Canada,72.5
2022.0,Cape Verde Islands,69.15
2022.0,Central African Republic,72.5
2022.0,Chad,67.5
2022.0,Chile,75.95
2022.0,China PR,72.0
2022.0,Chinese Taipei,66.5
2022.0,Colombia,78.95
2022.0,Comoros,66.125
2022.0,Congo,65.6875
2022.0,Congo DR,73.5
2022.0,Costa Rica,69.55
2022.0,Croatia,79.7
2022.0,Cuba,69.0
2022.0,Curacao,67.54545454545455
2022.0,Cyprus,61.526315789473685
2022.0,Czech Republic,77.45
2022.0,Côte d'Ivoire,77.4
2022.0,Denmark,78.35
2022.0,Dominican Republic,65.0
2022.0,Ecuador,73.3
2022.0,Egypt,72.25
2022.0,El Salvador,65.0
2022.0,England,84.55
2022.0,Equatorial Guinea,69.0
2022.0,Eritrea,67.0
2022.0,Estonia,60.0
2022.0,Ethiopia,64.0
2022.0,Faroe Islands,63.0
2022.0,Fiji,72.0
2022.0,Finland,70.9
2022.0,France,85.05
2022.0,Gabon,71.16666666666667
2022.0,Gambia,67.85
2022.0,Georgia,69.1
2022.0,Germany,85.25
2022.0,Ghana,75.15
2022.0,Gibraltar,62.0
2022.0,Greece,75.7
2022.0,Grenada,63.0
2022.0,Guam,65.0
2022.0,Guatemala,61.5
2022.0,Guinea,70.3
2022.0,Guinea Bissau,66.95
2022.0,Guyana,57.714285714285715
2022.0,Haiti,64.1
2022.0,Honduras,68.0909090909091
2022.0,Hong Kong,53.0
2022.0,Hungary,72.75
2022.0,Iceland,71.15
2022.0,India,61.3
2022.0,Indonesia,51.0
2022.0,Iran,69.8
2022.0,Iraq,66.5
2022.0,Israel,69.35
2022.0,Italy,83.6
2022.0,Jamaica,71.8
2022.0,Japan,75.0
2022.0,Jordan,64.33333333333333
2022.0,Kazakhstan,67.66666666666667
2022.0,Kenya,65.5
2022.0,Korea DPR,64.0
2022.0,Korea Republic,73.8
2022.0,Kosovo,71.25
2022.0,Kyrgyzstan,65.0
2022.0,Latvia,60.714285714285715
2022.0,Lebanon,63.0
2022.0,Liberia,65.0
2022.0,Libya,73.33333333333333
2022.0,Lithuania,63.55555555555556
2022.0,Luxembourg,65.86666666666666
2022.0,Madagascar,69.0
2022.0,Malawi,62.5
2022.0,Malaysia,59.0
2022.0,Mali,73.7
2022.0,Malta,63.5
2022.0,Mauritania,64.33333333333333
2022.0,Mauritius,67.0
2022.0,Mexico,78.45
2022.0,Moldova,67.25
2022.0,Montenegro,70.4
2022.0,Montserrat,61.2
2022.0,Morocco,78.5
2022.0,Mozambique,73.0
2022.0,Namibia,69.66666666666667
2022.0,Netherlands,82.25
2022.0,New Zealand,67.8
2022.0,Niger,60.0
2022.0,Nigeria,76.4
2022.0,North Macedonia,70.5
2022.0,Northern Ireland,70.25
2022.0,Norway,76.15
2022.0,Palestine,61.5
2022.0,Panama,67.05882352941177
2022.0,Papua New Guinea,65.0
2022.0,Paraguay,74.65
2022.0,Peru,73.5
2022.0,Philippines,66.33333333333333
2022.0,Poland,77.65
2022.0,Portugal,83.55
2022.0,Puerto Rico,61.0
2022.0,Republic of Ireland,73.6
2022.0,Romania,73.9
2022.0,Russia,77.0
2022.0,Saint Kitts and Nevis,62.8
2022.0,Saint Lucia,64.0
2022.0,Saudi Arabia,70.15
2022.0,Scotland,76.45
2022.0,Senegal,78.05
2022.0,Serbia,78.35
2022.0,Sierra Leone,65.9
2022.0,Slovakia,75.05
2022.0,Slovenia,75.25
2022.0,South Africa,70.45
2022.0,South Sudan,52.8
2022.0,Spain,85.1
2022.0,Sudan,62.333333333333336
2022.0,Suriname,70.27272727272727
2022.0,Sweden,76.85
2022.0,Switzerland,78.45
2022.0,Syria,72.0
2022.0,Tanzania,74.0
2022.0,Thailand,63.0
2022.0,Togo,68.72727272727273
2022.0,Trinidad and Tobago,64.125
2022.0,Tunisia,69.7
2022.0,Turkey,77.0
2022.0,Uganda,64.57142857142857
2022.0,Ukraine,76.45
2022.0,United Arab Emirates,63.21052631578947
2022.0,United States,75.3
2022.0,Uruguay,80.2
2022.0,Uzbekistan,68.16666666666667
2022.0,Venezuela,73.85
2022.0,Vietnam,64.0
2022.0,Wales,74.15
2022.0,Zambia,68.22222222222223
2022.0,Zimbabwe,67.53846153846153
2023.0,Afghanistan,63.0
2023.0,Albania,72.95
2023.0,Algeria,76.05
2023.0,Andorra,62.0
2023.0,Angola,68.85
2023.0,Antigua and Barbuda,64.0
2023.0,Argentina,83.0
2023.0,Armenia,70.625
2023.0,Australia,72.25
2023.0,Austria,77.9
2023.0,Azerbaijan,64.42857142857143
2023.0,Barbados,54.0
2023.0,Belarus,63.0
2023.0,Belgium,82.05
2023.0,Benin,66.13333333333334
2023.0,Bermuda,68.0
2023.0,Bolivia,68.3
2023.0,Bosnia and Herzegovina,74.5
2023.0,Brazil,84.8
2023.0,Bulgaria,66.25
2023.0,Burkina Faso,66.70588235294117
2023.0,Burundi,64.5
2023.0,Cameroon,75.35
2023.0,Canada,73.05
2023.0,Cape Verde Islands,69.7
2023.0,Central African Republic,70.0
2023.0,Chad,64.0
2023.0,Chile,75.15
2023.0,China PR,69.55
2023.0,Chinese Taipei,66.5
2023.0,Colombia,78.55
2023.0,Comoros,64.81818181818181
2023.0,Congo,65.94444444444444
2023.0,Congo DR,72.6
2023.0,Costa Rica,68.5
2023.0,Croatia,80.25
2023.0,Cuba,64.4
2023.0,Curacao,66.83333333333333
2023.0,Cyprus,64.45
2023.0,Czech Republic,77.35
2023.0,Côte d'Ivoire,77.85
2023.0,Denmark,78.3
2023.0,Dominican Republic,65.0
2023.0,Ecuador,72.95
2023.0,Egypt,71.38461538461539
2023.0,El Salvador,63.166666666666664
2023.0,England,84.15
2023.0,Equatorial Guinea,66.33333333333333
2023.0,Estonia,62.8
2023.0,Ethiopia,63.0
2023.0,Faroe Islands,60.4
2023.0,Fiji,70.0
2023.0,Finland,70.9
2023.0,France,85.35
2023.0,Gabon,69.2
2023.0,Gambia,68.9
2023.0,Georgia,70.15
2023.0,Germany,85.25
2023.0,Ghana,76.15
2023.0,Gibraltar,59.0
2023.0,Greece,74.6
2023.0,Grenada,66.4
2023.0,Guam,63.0
2023.0,Guatemala,63.0
2023.0,Guinea,70.9
2023.0,Guinea Bissau,67.15
2023.0,Guyana,59.4
2023.0,Haiti,63.8
2023.0,Honduras,69.4
2023.0,Hong Kong,62.666666666666664
2023.0,Hungary,72.9
2023.0,Iceland,69.75
2023.0,India,61.0
2023.0,Indonesia,58.0
2023.0,Iran,70.125
2023.0,Iraq,63.0
2023.0,Israel,67.5
2023.0,Italy,83.75
2023.0,Jamaica,71.2
2023.0,Japan,75.4
2023.0,Jordan,61.5
2023.0,Kazakhstan,68.0
2023.0,Kenya,62.27272727272727
2023.0,Korea DPR,70.0
2023.0,Korea Republic,74.1
2023.0,Kosovo,71.8
2023.0,Latvia,62.2
2023.0,Lebanon,63.0
2023.0,Liberia,64.0
2023.0,Libya,73.33333333333333
2023.0,Liechtenstein,70.0
2023.0,Lithuania,63.3
2023.0,Luxembourg,66.85714285714286
2023.0,Madagascar,67.85714285714286
2023.0,Mali,74.5
2023.0,Malta,66.25
2023.0,Mauritania,63.666666666666664
2023.0,Mauritius,65.0
2023.0,Mexico,78.1
2023.0,Moldova,63.0
2023.0,Montenegro,69.6
2023.0,Montserrat,64.0
2023.0,Morocco,77.9
2023.0,Mozambique,70.25
2023.0,Namibia,70.5
2023.0,Netherlands,82.0
2023.0,New Zealand,68.1
2023.0,Nigeria,77.05
2023.0,North Macedonia,69.85
2023.0,Northern Ireland,69.95
2023.0,Norway,76.15
2023.0,Palestine,66.0
2023.0,Panama,67.53846153846153
2023.0,Papua New Guinea,64.0
2023.0,Paraguay,74.1
2023.0,Peru,73.8
2023.0,Philippines,67.0
2023.0,Poland,77.75
2023.0,Portugal,83.8
2023.0,Puerto Rico,60.0
2023.0,Qatar,68.6
2023.0,Republic of Ireland,72.8
2023.0,Romania,73.2
2023.0,Russia,70.0
2023.0,Saint Kitts and Nevis,62.25
2023.0,Saint Lucia,65.5
2023.0,Saudi Arabia,70.25
2023.0,Scotland,76.45
2023.0,Senegal,77.45
2023.0,Serbia,78.95
2023.0,Sierra Leone,67.18181818181819
2023.0,Singapore,55.0
2023.0,Slovakia,75.05
2023.0,Slovenia,73.8
2023.0,South Africa,70.85
2023.0,South Sudan,53.0
2023.0,Spain,84.65
2023.0,Sudan,60.5
2023.0,Suriname,68.42857142857143
2023.0,Sweden,76.45
2023.0,Switzerland,78.25
2023.0,Syria,66.0
2023.0,São Tomé e Príncipe,67.0
2023.0,Tanzania,60.6
2023.0,Thailand,61.0
2023.0,Togo,67.23529411764706
2023.0,Trinidad and Tobago,65.0
2023.0,Tunisia,70.05
2023.0,Turkey,77.15
2023.0,Uganda,62.7
2023.0,Ukraine,76.15
2023.0,United Arab Emirates,63.31578947368421
2023.0,United States,75.85
2023.0,Uruguay,79.85
2023.0,Uzbekistan,72.33333333333333
2023.0,Venezuela,71.6
2023.0,Vietnam,66.0
2023.0,Wales,74.25
2023.0,Zambia,67.63636363636364
2023.0,Zimbabwe,68.4
2024.0,Albania,73.0
2024.0,Algeria,76.1
2024.0,Andorra,66.0
2024.0,Angola,68.5
2024.0,Antigua and Barbuda,63.333333333333336
2024.0,Argentina,83.25
2024.0,Armenia,67.66666666666667
2024.0,Australia,71.95
2024.0,Austria,78.6
2024.0,Azerbaijan,65.83333333333333
2024.0,Belarus,64.0
2024.0,Belgium,81.25
2024.0,Benin,67.5
2024.0,Bermuda,69.0
2024.0,Bolivia,68.05
2024.0,Bosnia and Herzegovina,74.35
2024.0,Brazil,85.15
2024.0,Bulgaria,66.3
2024.0,Burkina Faso,67.7
2024.0,Burundi,68.5
2024.0,Cameroon,75.6
2024.0,Canada,72.3
2024.0,Cape Verde Islands,70.95
2024.0,Central African Republic,65.75
2024.0,Chad,68.0
2024.0,Chile,73.95
2024.0,China PR,70.4
2024.0,Chinese Taipei,64.33333333333333
2024.0,Colombia,77.7
2024.0,Comoros,66.25
2024.0,Congo,64.6
2024.0,Congo DR,72.9
2024.0,Costa Rica,67.9
2024.0,Croatia,79.4
2024.0,Cuba,67.5
2024.0,Curacao,66.66666666666667
2024.0,Cyprus,65.25
2024.0,Czech Republic,76.5
2024.0,Côte d'Ivoire,77.45
2024.0,Denmark,78.55
2024.0,Dominican Republic,61.0
2024.0,Ecuador,74.35
2024.0,Egypt,70.84615384615384
2024.0,El Salvador,64.0
2024.0,England,84.7
2024.0,Equatorial Guinea,69.42857142857143
2024.0,Estonia,62.42857142857143
2024.0,Ethiopia,66.0
2024.0,Faroe Islands,57.333333333333336
2024.0,Fiji,68.0
2024.0,Finland,71.15
2024.0,France,85.3
2024.0,Gabon,68.92857142857143
2024.0,Gambia,68.85
2024.0,Georgia,71.2
2024.0,Germany,84.9
2024.0,Ghana,76.1
2024.0,Gibraltar,58.0
2024.0,Greece,74.8
2024.0,Grenada,65.0
2024.0,Guatemala,64.2
2024.0,Guinea,71.55
2024.0,Guinea Bissau,67.55
2024.0,Guyana,61.6
2024.0,Haiti,66.0
2024.0,Honduras,67.91666666666667
2024.0,Hong Kong,62.25
2024.0,Hungary,74.2
2024.0,Iceland,70.65
2024.0,India,61.6
2024.0,Indonesia,60.666666666666664
2024.0,Iran,69.375
2024.0,Iraq,63.38461538461539
2024.0,Israel,68.25
2024.0,Italy,83.65
2024.0,Jamaica,72.25
2024.0,Japan,76.85
2024.0,Jordan,71.0
2024.0,Kazakhstan,67.5
2024.0,Kenya,64.55555555555556
2024.0,Korea DPR,63.0
2024.0,Korea Republic,74.9
2024.0,Kosovo,72.35
2024.0,Latvia,62.166666666666664
2024.0,Lebanon,62.0
2024.0,Liberia,65.16666666666667
2024.0,Libya,72.5
2024.0,Liechtenstein,69.0
2024.0,Lithuania,62.4
2024.0,Luxembourg,66.4
2024.0,Madagascar,68.5
2024.0,Malawi,59.5
2024.0,Mali,74.9
2024.0,Malta,67.6
2024.0,Mauritania,65.33333333333333
2024.0,Mauritius,65.0
2024.0,Mexico,77.75
2024.0,Moldova,65.0
2024.0,Montenegro,69.15
2024.0,Montserrat,63.0
2024.0,Morocco,78.15
2024.0,Mozambique,73.66666666666667
2024.0,Namibia,64.0
2024.0,Nepal,58.0
2024.0,Netherlands,82.1
2024.0,New Zealand,66.7
2024.0,Niger,55.0
2024.0,Nigeria,76.95
2024.0,North Macedonia,69.55
2024.0,Northern Ireland,69.8
2024.0,Norway,76.6
2024.0,Pakistan,63.0
2024.0,Palestine,68.5
2024.0,Panama,66.93333333333334
2024.0,Paraguay,74.8
2024.0,Peru,73.2
2024.0,Philippines,66.4
2024.0,Poland,77.9
2024.0,Portugal,83.8
2024.0,Puerto Rico,59.5
2024.0,Qatar,67.9
2024.0,Republic of Ireland,72.8
2024.0,Romania,72.3
2024.0,Russia,69.55555555555556
2024.0,Saint Kitts and Nevis,63.666666666666664
2024.0,Saint Lucia,65.0
2024.0,Saudi Arabia,71.05
2024.0,Scotland,75.95
2024.0,Senegal,77.15
2024.0,Serbia,78.75
2024.0,Sierra Leone,66.08333333333333
2024.0,Slovakia,74.55
2024.0,Slovenia,73.15
2024.0,South Africa,65.6842105263158
2024.0,South Sudan,53.0
2024.0,Spain,84.15
2024.0,Sri Lanka,63.0
2024.0,Sudan,60.75
2024.0,Suriname,69.5
2024.0,Sweden,76.05
2024.0,Switzerland,78.65
2024.0,Syria,63.0
2024.0,São Tomé e Príncipe,60.0
2024.0,Tanzania,66.0
2024.0,Thailand,62.0
2024.0,Togo,68.38461538461539
2024.0,Trinidad and Tobago,63.2
2024.0,Tunisia,70.9
2024.0,Turkey,77.25
2024.0,Uganda,61.0
2024.0,Ukraine,76.0
2024.0,United Arab Emirates,62.8125
2024.0,United States,75.9
2024.0,Uruguay,79.95
2024.0,Uzbekistan,66.6
2024.0,Vanuatu,68.0
2024.0,Venezuela,71.8
2024.0,Wales,73.6
2024.0,Zambia,67.625
2024.0,Zimbabwe,67.3076923076923
